COTTON YIELD (Kg per ha),Yield (Pounds/ Harvested Area),Cotton_Price[Dollar/ton]
3316.21,635.0148,0.0
3277.135,602.6667,0.0
4634.7935,728.84155,0.0
4183.6006,1086.5332,0.0
4314.7085,575.73456,0.0
6192.085,622.73596,0.0
3871.5708,0.144297,0.0
3284.7456,358.33807,0.0
415.1387,497.88068,0.0
5405.503,653.2574,0.0
1.8239146,289.10477,0.0
1.8239146,639.7601,0.0
1.8239146,567.13513,0.0
1.8239146,317.65332,0.0
2716.5422,199.9213,0.0
1.8239146,438.56516,0.0
434.14984,649.2658,0.0
575.06134,624.3173,0.0
1.0176735,601.622,0.0
1.0088735,430.9773,0.0
1.0088735,628.65155,0.0
1.0176735,621.82263,0.0
1.0176735,754.63513,0.0
1.0176735,581.8984,0.0
1.0018318,854.7337,0.0
1.0176735,563.8263,0.0
4.44174,32.34685,0.0
2791.506,503.96606,0.0
31.504726,525.0621,0.0
2314.3547,624.2583,0.0
1.8239146,512.517,0.0
5.360543,699.22656,0.0
2881.5127,580.2713,0.0
3544.1348,424.2532,0.0
2756.0706,65.11978,0.0
2749.6565,594.029,0.0
4857.705,622.9783,0.0
1.8239146,475.64114,0.0
1.8239146,625.9602,0.0
3564.302,471.5574,0.0
3503.109,616.25684,0.0
2841.172,601.7405,0.0
4951.439,856.20667,0.0
2752.4438,1120.5919,0.0
2785.9707,547.9341,0.0
3595.126,617.6695,0.0
2848.383,81.17923,0.0
3548.0002,486.29636,0.0
2765.3472,473.76425,0.0
2945.4897,582.8599,0.0
1.8239146,431.68475,0.0
3102.4834,609.80914,0.0
1.8239146,608.5396,0.0
693.6925,627.6315,0.0
3535.0852,108.50998,0.0
1.8239146,552.9279,0.0
1.8239146,642.7096,0.0
1.8239146,511.79626,0.0
1.8239146,589.94073,0.0
1.6689147,532.886,0.0
2.976753,610.61115,0.0
5263.938,647.2937,0.0
1.8239146,895.85376,0.0
1.8239146,1090.8364,0.0
1.8239146,597.8929,0.0
5.2676916,613.4457,0.0
1.8239146,327.56268,0.0
3.8425877,494.41522,0.0
5.2676916,508.06613,0.0
122.80532,590.03174,0.0
2754.9917,414.76,0.0
2920.7058,666.8172,0.0
100.178734,665.332,0.0
2814.3135,547.87115,0.0
5313.379,91.88489,0.0
2855.1228,648.86646,0.0
3181.333,583.84564,0.0
3564.729,596.2931,0.0
2810.28,613.4488,0.0
8003.989,584.4968,0.0
3495.5032,630.67114,0.0
8386.314,634.79456,0.0
1.8239146,737.33124,0.0
4177.3164,1143.517,0.0
1.8239146,661.5921,0.0
1.8239146,593.863,0.0
1.8239146,20.147726,0.0
1.8239146,489.53928,0.0
1.6689147,476.94684,0.0
1.8239146,629.42316,0.0
9571.633,363.94034,0.0
1.8239146,629.0745,0.0
1.8239146,828.952,0.0
1.0112069,587.4552,0.0
1.8239146,117.99198,0.0
1.8239146,572.4278,0.0
2696.0454,586.7422,0.0
1.8239146,471.10556,0.0
1.0101463,634.7984,0.0
1.8239146,464.77847,0.0
1.8239146,668.3459,0.0
1.8239146,527.54663,0.0
1.8239146,1163.2269,0.0
1.8239146,1155.7758,0.0
1.8239146,601.14453,0.0
1.8239146,587.52515,0.0
1.0101463,14.655319,0.0
1.8239146,431.65497,0.0
1.8239146,474.97437,0.0
1.8239146,589.3131,0.0
1.8239146,381.137,0.0
1.0101463,656.0289,0.0
1.8239146,496.58337,0.0
1.8239146,483.46225,0.0
19.276987,40.87294,0.0
2752.4438,548.1303,0.0
34.69274,611.04333,0.0
2733.931,658.69464,0.0
2752.4438,809.1936,0.0
2770.1223,391.65326,0.0
2812.6055,676.7211,0.0
318.73215,558.80664,0.0
1.8239146,1053.4209,0.0
1.8239146,1118.5312,0.0
2716.0957,640.80194,0.0
1.8239146,630.7499,0.0
19.276987,46.32059,0.0
1.6595397,463.59506,0.0
1.8239146,448.3872,0.0
1.8239146,687.1501,0.0
3401.6655,433.9683,0.0
2774.3694,640.4375,0.0
3298.2559,572.103,0.0
2766.2861,558.7556,0.0
2759.2148,38.231976,0.0
2781.4426,788.759,0.0
3435.4915,626.88214,0.0
2805.453,367.3686,0.0
3421.3745,586.1868,0.0
2761.887,490.3536,0.0
2703.1067,524.5375,0.0
4284.2983,540.09204,0.0
5119.4185,1118.0354,0.0
3276.7676,935.37164,0.0
2780.7632,601.30695,0.0
2867.8877,527.81995,0.0
2886.5244,85.423645,0.0
2723.3816,475.77164,0.0
2755.84,455.65332,0.0
1.8239146,588.4396,0.0
6670.92,463.16574,0.0
1.8239146,586.0759,0.0
3336.4602,426.97794,0.0
1.8239146,681.6222,0.0
570.4777,142.6088,0.0
3259.9128,479.47678,0.0
2740.4382,547.2125,0.0
1.8239146,479.14545,0.0
2879.043,582.8196,0.0
1.8239146,399.1506,0.0
1.0101463,620.431,0.0
1.8239146,339.80408,0.0
1.8239146,1121.2421,0.0
1.8239146,745.52435,0.0
1.8239146,626.8831,0.0
1.0101463,612.6674,0.0
1.8239146,32.187893,0.0
1.8239146,391.28192,0.0
3885.866,523.2361,0.0
3672.4397,600.5331,0.0
4315.295,413.84238,0.0
2913.9539,667.2499,0.0
3530.5273,576.4294,0.0
2707.706,549.4312,0.0
2707.5554,287.18213,0.0
2752.4438,470.5776,0.0
82.25477,661.2266,0.0
2766.8582,603.6166,0.0
2712.8813,808.94684,0.0
3181.1772,775.0583,0.0
1.8239146,550.42957,0.0
2770.1223,604.1241,0.0
355.1131,630.4876,0.0
2733.931,1121.8755,0.0
2861.1665,598.69305,0.0
2764.3445,574.25305,0.0
304.8235,353.57986,0.0
2719.4639,402.43826,0.0
413.65582,374.53937,0.0
2707.5554,580.76483,0.0
3531.9587,492.69257,0.0
1.8239146,610.7131,0.0
1536.302,636.5758,0.0
2915.644,411.57172,0.0
3.6856694,201.56628,0.0
2707.5554,607.61383,0.0
2736.2952,610.9922,0.0
2707.706,586.97327,0.0
2749.6565,624.2898,0.0
8187.791,405.56924,0.0
6279.4717,834.3029,0.0
5655.914,611.6031,0.0
4192.581,717.5703,0.0
5175.1445,1084.968,0.0
3657.9192,612.84546,0.0
1.8239146,705.6073,0.0
826.8446,1.452074,0.0
390.21292,332.37213,0.0
2452.8713,476.20328,0.0
8796.41,603.50494,0.0
12065.319,350.03177,0.0
20428.39,573.4029,0.0
19499.2,460.91385,0.0
22031.74,550.5377,0.0
22064.951,68.169266,0.0
18925.207,515.7026,0.0
1.8239146,652.6245,0.0
2910.252,481.16476,0.0
1.8239146,586.6635,0.0
1.0101463,416.17453,0.0
4413.7817,619.4663,0.0
3410.715,569.81445,0.0
1317.3647,1118.2384,0.0
1.8239146,1030.802,0.0
1.8239146,599.276,0.0
1.8239146,640.3676,0.0
1.8239146,8.065385,0.0
1.8239146,408.99243,0.0
1.8239146,425.28592,0.0
1.8239146,615.44476,0.0
1.8239146,454.3327,0.0
1.8239146,635.0402,0.0
1.8239146,552.0732,0.0
1.0101463,528.0954,0.0
1.8239146,176.97385,0.0
1.8239146,560.0014,0.0
1.8239146,686.67944,0.0
1.8239146,530.8224,0.0
1.8239146,552.8926,0.0
1.8239146,462.97495,0.0
1.8239146,619.8271,0.0
1.8239146,559.83405,0.0
1.8239146,867.28625,0.0
1.8239146,961.48486,0.0
1.8239146,590.1438,0.0
1.8239146,689.6125,0.0
1.8239146,55.75088,0.0
1.8239146,520.50024,0.0
1.8239146,429.60776,0.0
1.8239146,546.8982,0.0
1.8239146,500.99893,0.0
1.8239146,585.7567,0.0
1.8239146,615.889,0.0
1.8239146,540.95557,0.0
1.8239146,242.47993,0.0
1.8239146,531.96094,0.0
1.8239146,683.6725,0.0
1.8239146,561.2984,0.0
1.8239146,587.3925,0.0
1.0176735,526.35077,0.0
1.0018318,612.46564,0.0
1.0112069,654.1283,0.0
1.0112069,569.0419,0.0
1.0088735,1102.8237,0.0
1.0018318,571.1086,0.0
1.0018318,601.9495,0.0
1.0018318,437.7786,0.0
1.8239146,347.8786,0.0
26.61041,443.57718,0.0
3564.5396,620.1425,0.0
3465.6667,426.27164,0.0
3645.5325,643.19086,0.0
1039.7551,626.9354,0.0
5887.7783,596.56976,0.0
1.8239146,234.55942,0.0
1.8239146,610.16595,0.0
1.8239146,612.914,0.0
1.8239146,539.2469,0.0
4523.5806,577.72473,0.0
3286.2556,492.97217,0.0
3003.616,586.4677,0.0
4549.936,673.24817,0.0
4291.256,565.04315,0.0
3904.3672,762.2737,0.0
6371.3115,597.9467,0.0
9824.795,622.85913,0.0
6398.1714,332.68912,0.0
3416.0205,393.54623,0.0
5158.5547,422.85275,0.0
1.8239146,824.8604,0.0
1.8239146,443.04156,0.0
318.73215,826.2674,0.0
1.8239146,651.68066,0.0
2862.1248,557.3323,0.0
1.8239146,311.57822,0.0
1.8239146,747.84283,0.0
1.8239146,658.13116,0.0
1.0018318,586.7275,0.0
1.0018318,780.65155,0.0
1.0112069,563.93085,0.0
25.878296,628.64355,0.0
1.0018318,518.638,0.0
1.0018318,652.47095,0.0
223.75232,681.63434,0.0
1.0176735,538.9529,0.0
201.54709,641.5111,0.0
2732.9849,28.400612,0.0
31.504726,380.41098,0.0
713.9607,417.69357,0.0
1.8239146,591.97864,0.0
3689.0034,381.6187,0.0
2889.847,650.5123,0.0
3451.7659,612.6773,0.0
4486.0605,554.4099,0.0
2785.9707,173.11485,0.0
2955.9583,433.19177,0.0
19.276987,613.9106,0.0
1.8239146,450.5538,0.0
3568.95,575.63617,0.0
3503.109,410.90344,0.0
2829.4448,663.5931,0.0
3403.4844,492.22293,0.0
2800.6584,816.535,0.0
2785.9707,809.0467,0.0
4209.4985,588.66113,0.0
5978.6973,503.0456,0.0
1239.96,26.660799,0.0
2816.6682,422.62405,0.0
3567.7712,459.55978,0.0
1.8239146,597.25214,0.0
3541.794,399.6354,0.0
1.8239146,812.8291,0.0
347.63596,626.04205,0.0
3525.0828,537.07544,0.0
1.8239146,127.04753,0.0
1.8239146,508.1739,0.0
1.8239146,623.98175,0.0
1.8239146,536.1261,0.0
1.8239146,618.7413,0.0
2.8217533,469.2591,0.0
23190.164,622.4581,0.0
1.8239146,596.2415,0.0
1.8239146,924.5056,0.0
1.8239146,684.88776,0.0
351.3241,603.4855,0.0
1.8239146,609.04425,0.0
5.2968187,5.6430426,0.0
5.2676916,478.6432,0.0
20.109179,512.3932,0.0
3140.4644,604.17096,0.0
3444.3416,484.21738,0.0
747.8008,636.7014,0.0
3481.9866,682.58606,0.0
3573.2356,593.37976,0.0
3445.4795,116.09544,0.0
3466.7866,580.30896,0.0
4274.6855,641.10986,0.0
3805.0903,570.2185,0.0
10716.861,555.4855,0.0
3395.7622,498.2986,0.0
12040.593,650.53436,0.0
1.8239146,629.0305,0.0
9863.943,637.8262,0.0
1.8239146,1099.4927,0.0
1.8239146,598.23395,0.0
1.8239146,771.44336,0.0
1.8239146,227.03564,0.0
1.8239146,538.7069,0.0
1.8239146,403.81897,0.0
5878.5474,652.73914,0.0
1.8239146,411.3364,0.0
1.8239146,711.5948,0.0
1.8239146,636.5411,0.0
1.8239146,487.17673,0.0
1.8239146,122.17256,0.0
1999.183,543.36066,0.0
1.8239146,824.6665,0.0
1.8239146,592.5179,0.0
1.8239146,575.8955,0.0
1.8239146,473.4115,0.0
1.8239146,619.9935,0.0
1.8239146,595.25507,0.0
1.8239146,1101.5187,0.0
1.8239146,1051.4542,0.0
1.8239146,813.3935,0.0
1.8239146,614.37994,0.0
1.8239146,1.452074,0.0
1.8239146,385.85153,0.0
2750.356,434.11862,0.0
1.8239146,637.6348,0.0
1.8239146,403.3125,0.0
1.0018318,595.15845,0.0
1.8239146,630.4186,0.0
18.686344,569.95667,0.0
2752.4438,95.00668,0.0
19.276987,455.82162,0.0
2749.6565,616.2667,0.0
2708.6074,482.49664,0.0
2779.719,583.8189,0.0
2749.6565,474.96167,0.0
2726.911,0.0,0.0
1.8239146,0.0,0.0
1.8239146,0.0,0.0
2690.0945,0.0,0.0
1.8239146,0.0,0.0
1.0101463,0.0,0.0
4628.116,0.0,0.0
19.276987,0.0,0.0
1.8239146,0.0,0.0
3440.8193,0.0,0.0
2764.3196,0.0,0.0
4976.78,0.0,0.0
2898.261,0.0,0.0
2983.1367,0.0,0.0
3784.8708,0.0,0.0
3502.8083,0.0,0.0
4018.1409,0.0,0.0
2905.2258,0.0,0.0
2712.02,0.0,0.0
2733.931,0.0,0.0
3770.6497,0.0,0.0
5669.5386,0.0,0.0
3135.926,0.0,0.0
2727.7458,0.0,0.0
2713.142,0.0,0.0
1479.4209,0.0,0.0
5692.302,0.0,0.0
6621.3306,0.0,0.0
1.8239146,0.0,0.0
10962.62,0.0,0.0
1.8239146,0.0,0.0
2732.3906,0.0,0.0
1.8239146,0.0,0.0
1.8239146,0.0,0.0
2440.5015,0.0,0.0
2733.4165,0.0,0.0
1.8239146,0.0,0.0
2867.7034,0.0,0.0
1.8239146,0.0,0.0
1.8239146,0.0,0.0
5.354764,0.0,0.0
1.8239146,0.0,0.0
1.8239146,0.0,0.0
1.8239146,0.0,0.0
1.8239146,0.0,0.0
1.8239146,0.0,0.0
1.8239146,0.0,0.0
3551.7964,0.0,0.0
3606.7722,0.0,0.0
2347.4932,0.0,0.0
3557.6423,0.0,0.0
3545.9292,0.0,0.0
2707.706,0.0,0.0
2774.8076,0.0,0.0
2733.931,0.0,0.0
4161.6323,0.0,0.0
2766.8582,0.0,0.0
2712.8813,0.0,0.0
2783.1663,0.0,0.0
1.8239146,0.0,0.0
2752.4438,0.0,0.0
51.536533,0.0,0.0
2690.0945,0.0,0.0
2814.2556,0.0,0.0
2748.3452,0.0,0.0
2729.6282,0.0,0.0
2698.0771,0.0,0.0
2746.2024,0.0,0.0
2759.7495,0.0,0.0
3190.0454,0.0,0.0
1.8239146,0.0,0.0
3154.955,0.0,0.0
2915.644,0.0,0.0
1.8239146,0.0,0.0
2707.5554,0.0,0.0
2736.2952,0.0,0.0
1989.499,0.0,0.0
2749.6565,0.0,0.0
8916.71,0.0,0.0
6244.019,0.0,0.0
3473.1023,0.0,0.0
4064.7124,0.0,0.0
5057.271,0.0,0.0
4349.5405,0.0,0.0
1.8239146,0.0,0.0
1.8239146,0.0,0.0
347.8865,0.0,0.0
3540.9312,0.0,0.0
16512.502,0.0,0.0
14537.544,0.0,0.0
18853.605,0.0,0.0
20091.326,0.0,0.0
21772.525,0.0,0.0
21645.525,0.0,0.0
12129.274,0.0,0.0
1.8239146,0.0,0.0
3274.4934,0.0,0.0
1.0101463,0.0,0.0
3508.9282,0.0,0.0
3519.7449,0.0,0.0
3410.715,0.0,0.0
3464.8674,0.0,0.0
1.8239146,0.0,0.0
1.8239146,0.0,0.0
1.8239146,0.0,0.0
1.8239146,0.0,0.0
1.8239146,0.0,0.0
1.8239146,0.0,0.0
1.8239146,0.0,0.0
1.8239146,0.0,0.0
1.8239146,0.0,0.0
1.8239146,0.0,0.0
1.8239146,0.0,0.0
1.8239146,0.0,0.0
1.8239146,0.0,0.0
1.6595397,0.0,0.0
1.8239146,0.0,0.0
1.8239146,0.0,0.0
1.6595397,0.0,0.0
1.8239146,0.0,0.0
1.8239146,0.0,0.0
1.8239146,0.0,0.0
1.8239146,0.0,0.0
1.8239146,0.0,0.0
1.8239146,0.0,0.0
1.8239146,0.0,0.0
1.8239146,0.0,0.0
3495.6912,0.0,0.0
1.8239146,0.0,0.0
1.8239146,0.0,0.0
1.8239146,0.0,0.0
1.8239146,0.0,0.0
1.8239146,0.0,0.0
1.8239146,0.0,0.0
1.8239146,0.0,0.0
1.8239146,0.0,0.0
1.0101463,0.0,0.0
1.0101463,0.0,0.0
1.0018318,0.0,0.0
1.0112069,0.0,0.0
1.0112069,0.0,0.0
1.0088735,0.0,0.0
1.0112069,0.0,0.0
1.0112069,0.0,0.0
1.0088735,0.0,0.0
1.0018318,0.0,0.0
1303.7554,0.0,0.0
2914.8315,0.0,0.0
3536.7095,0.0,0.0
3419.3816,0.0,0.0
3427.53,0.0,0.0
3682.3157,0.0,0.0
1236.5522,0.0,0.0
3652.4111,0.0,0.0
2741.8945,0.0,0.0
3543.963,0.0,0.0
2811.2292,0.0,0.0
3700.0706,0.0,0.0
1216.816,0.0,0.0
2011.879,0.0,0.0
3974.566,0.0,0.0
4012.3752,0.0,0.0
3914.5938,0.0,0.0
6572.7246,0.0,0.0
11245.702,0.0,0.0
5939.877,0.0,0.0
14750.127,0.0,0.0
2926.305,0.0,0.0
1.8239146,0.0,0.0
1.8239146,0.0,0.0
1.8239146,0.0,0.0
1.8239146,0.0,0.0
2716.0957,0.0,0.0
1.8239146,0.0,0.0
1.8239146,0.0,0.0
1.8239146,0.0,0.0
1.0018318,0.0,0.0
1.0018318,0.0,0.0
1.0018318,0.0,0.0
25.878296,0.0,0.0
1.0176735,0.0,0.0
1.0018318,0.0,0.0
368.41873,0.0,0.0
1.0176735,0.0,0.0
1.0018318,0.0,0.0
1.8239146,0.0,0.0
60.10367,0.0,0.0
954.5195,0.0,0.0
386.83707,0.0,0.0
4.621319,0.0,0.0
2782.8574,0.0,0.0
3826.461,0.0,0.0
2800.6584,0.0,0.0
2800.4841,0.0,0.0
4611.457,0.0,0.0
1.8239146,0.0,0.0
17.963427,0.0,0.0
3533.5051,0.0,0.0
3536.9106,0.0,0.0
3274.6123,0.0,0.0
3354.1953,0.0,0.0
2800.6584,0.0,0.0
1170.3348,0.0,0.0
3728.4124,0.0,0.0
1196.4362,0.0,0.0
3526.2522,0.0,0.0
2832.6582,0.0,0.0
3708.7405,0.0,0.0
1.8239146,0.0,0.0
3751.2036,0.0,0.0
1.8239146,0.0,0.0
347.63596,0.0,0.0
3812.3757,0.0,0.0
1.8239146,0.0,0.0
1.8239146,0.0,0.0
1.0101463,0.0,0.0
1.8239146,0.0,0.0
1.8239146,0.0,0.0
2.976753,0.0,0.0
1.8239146,0.0,0.0
1.8239146,0.0,0.0
1.8239146,0.0,0.0
1.8239146,0.0,0.0
251.83249,0.0,0.0
1.8239146,0.0,0.0
5.2968187,0.0,0.0
351.3241,0.0,0.0
477.28024,0.0,0.0
2754.9917,0.0,0.0
3211.722,0.0,0.0
642.5245,0.0,0.0
3747.3416,0.0,0.0
3602.1152,0.0,0.0
1251.3322,0.0,0.0
3234.7695,0.0,0.0
3967.0786,0.0,0.0
3228.7148,0.0,0.0
6676.6763,0.0,0.0
3187.9294,0.0,0.0
11113.171,0.0,0.0
1.8239146,0.0,0.0
10842.302,0.0,0.0
1.8239146,0.0,0.0
1.8239146,0.0,0.0
1.8239146,0.0,0.0
1.8239146,0.0,0.0
1.8239146,0.0,0.0
1.8239146,0.0,0.0
5429.3574,0.0,0.0
1.8239146,0.0,0.0
1.8239146,0.0,0.0
1.6689147,0.0,0.0
1.6595397,0.0,0.0
1.8239146,0.0,0.0
2749.6565,0.0,0.0
1.8239146,0.0,0.0
1.8239146,0.0,0.0
1.8239146,0.0,0.0
1.6595397,0.0,0.0
1.8239146,0.0,0.0
1.8239146,0.0,0.0
1.8239146,0.0,0.0
1.8239146,0.0,0.0
1.0101463,0.0,0.0
1.8239146,0.0,0.0
1.8239146,0.0,0.0
1.8239146,0.0,0.0
2726.911,0.0,0.0
1.0101463,0.0,0.0
1.8239146,0.0,0.0
1.6595397,0.0,0.0
1.8239146,0.0,0.0
367.80353,0.0,0.0
2752.4438,0.0,0.0
19.276987,0.0,0.0
2768.1694,0.0,0.0
2802.1987,0.0,0.0
2837.128,0.0,0.0
3966.2134,0.0,0.0
2872.5005,0.0,0.0
1.8239146,0.0,0.0
1.8239146,0.0,0.0
2776.6245,0.0,0.0
29.933489,0.0,0.0
31.83769,0.0,0.0
347.84103,0.0,0.0
19.276987,0.0,0.0
1.8239146,0.0,0.0
3803.8188,0.0,0.0
2764.3196,0.0,0.0
5854.8726,0.0,0.0
3772.8308,0.0,0.0
741.8455,0.0,0.0
4183.076,0.0,0.0
3873.2021,0.0,0.0
3294.4795,0.0,0.0
1257.0653,0.0,0.0
1092.7571,0.0,0.0
3678.6123,0.0,0.0
4268.4214,0.0,0.0
4507.394,0.0,0.0
1368.6489,0.0,0.0
3373.4185,0.0,0.0
4114.257,0.0,0.0
3485.2188,0.0,0.0
5586.8945,0.0,0.0
5326.609,0.0,0.0
1.8239146,0.0,0.0
10960.506,0.0,0.0
1.8239146,0.0,0.0
3950.7314,0.0,0.0
386.83707,0.0,0.0
386.83707,0.0,0.0
2772.5796,0.0,0.0
2746.129,0.0,0.0
1.6689147,0.0,0.0
2909.6501,0.0,0.0
1.8239146,0.0,0.0
1.8239146,0.0,0.0
5.3116455,0.0,0.0
1.8239146,0.0,0.0
1.8239146,0.0,0.0
1.8239146,0.0,0.0
1.8239146,0.0,0.0
1.8239146,0.0,0.0
1.8239146,0.0,0.0
3530.8699,0.0,0.0
3738.8372,0.0,0.0
3766.0417,0.0,0.0
2451.6863,0.0,0.0
3545.9292,0.0,0.0
2707.706,0.0,0.0
2766.8582,0.0,0.0
2745.109,0.0,0.0
83.87938,0.0,0.0
3076.0168,0.0,0.0
2723.5544,0.0,0.0
3069.6567,0.0,0.0
398.8535,0.0,0.0
2754.808,0.0,0.0
208.65219,0.0,0.0
2736.2952,0.0,0.0
3056.7383,0.0,0.0
1.8239146,0.0,0.0
2723.5544,0.0,0.0
2707.5554,0.0,0.0
1.8239146,0.0,0.0
2758.4934,0.0,0.0
3159.7478,0.0,0.0
1.8239146,0.0,0.0
3130.2266,0.0,0.0
21.494705,0.0,0.0
1.8239146,0.0,0.0
2707.5554,0.0,0.0
2707.5554,0.0,0.0
2707.5554,0.0,0.0
2752.2944,0.0,0.0
7187.138,0.0,0.0
6249.6313,0.0,0.0
5667.1055,0.0,0.0
4418.9473,0.0,0.0
10147.772,0.0,0.0
4713.359,0.0,0.0
318.73215,0.0,0.0
42.54621,0.0,0.0
390.21292,0.0,0.0
4278.7065,0.0,0.0
13424.491,0.0,0.0
12298.159,0.0,0.0
17172.615,0.0,0.0
23886.262,0.0,0.0
20072.422,0.0,0.0
26548.074,0.0,0.0
15831.32,0.0,0.0
374.76245,0.0,0.0
3513.3696,0.0,0.0
347.63596,0.0,0.0
3513.3696,0.0,0.0
3787.694,0.0,0.0
3604.6157,0.0,0.0
3771.8457,0.0,0.0
1.8239146,0.0,0.0
1.8239146,0.0,0.0
1.8239146,0.0,0.0
1.8239146,0.0,0.0
1.8239146,0.0,0.0
1.8239146,0.0,0.0
1.8239146,0.0,0.0
1.8239146,0.0,0.0
1.8239146,0.0,0.0
1.8239146,0.0,0.0
1.8239146,0.0,0.0
1.8239146,0.0,0.0
1.8239146,0.0,0.0
1.8239146,0.0,0.0
1.8239146,0.0,0.0
1.8239146,0.0,0.0
347.8865,0.0,0.0
1.6595397,0.0,0.0
1.8239146,0.0,0.0
1.8239146,0.0,0.0
1.8239146,0.0,0.0
1.6595397,0.0,0.0
1.8239146,0.0,0.0
1.8239146,0.0,0.0
1.8239146,0.0,0.0
1.8239146,0.0,0.0
1.8239146,0.0,0.0
1.8239146,0.0,0.0
1.8239146,0.0,0.0
1.8239146,0.0,0.0
1.8239146,0.0,0.0
1.8239146,0.0,0.0
1.8239146,0.0,0.0
1.8239146,0.0,0.0
1.8239146,0.0,0.0
1.8239146,0.0,0.0
1.0176735,0.0,0.0
1.0088735,0.0,0.0
1.0112069,0.0,0.0
1.0112069,0.0,0.0
1.0112069,0.0,0.0
1.0018318,0.0,0.0
1.0018318,0.0,0.0
1.0018318,0.0,0.0
25.87183,0.0,0.0
25.87183,0.0,0.0
713.36084,0.0,0.0
1.0018318,0.0,0.0
20.86945,0.0,0.0
1059.433,0.0,0.0
1.0112069,0.0,0.0
25.87183,0.0,0.0
1.0088735,0.0,0.0
25.87183,0.0,0.0
1.0112069,0.0,0.0
1.0018318,0.0,0.0
3512.108,0.0,0.0
4068.464,0.0,0.0
3965.2612,0.0,0.0
4855.9365,0.0,0.0
4305.9995,0.0,0.0
11443.067,0.0,0.0
9419.738,0.0,0.0
5826.6924,0.0,0.0
8451.9375,0.0,0.0
2731.944,0.0,0.0
1.0101463,0.0,0.0
1.8239146,0.0,0.0
1.8239146,0.0,0.0
1.8239146,0.0,0.0
2716.0957,0.0,0.0
1.8239146,0.0,0.0
1.8239146,0.0,0.0
1.8239146,0.0,0.0
1.8239146,0.0,0.0
1.8239146,0.0,0.0
1.8239146,0.0,0.0
26.61041,0.0,0.0
1.8239146,0.0,0.0
386.0233,0.0,0.0
402.9436,0.0,0.0
1.8239146,0.0,0.0
54.048748,0.0,0.0
347.09317,0.0,0.0
31.20141,0.0,0.0
713.3609,0.0,0.0
386.01495,0.0,0.0
4.613004,0.0,0.0
2900.6638,0.0,0.0
3845.642,0.0,0.0
2782.1455,0.0,0.0
3205.9834,0.0,0.0
4140.1685,0.0,0.0
1.8239146,0.0,0.0
1.8239146,0.0,0.0
3917.9685,0.0,0.0
4149.001,0.0,0.0
2808.2908,0.0,0.0
4993.415,0.0,0.0
2800.6584,0.0,0.0
2797.879,0.0,0.0
4295.8286,0.0,0.0
5666.6274,0.0,0.0
3530.7537,0.0,0.0
2802.1223,0.0,0.0
3598.9553,0.0,0.0
1.8239146,0.0,0.0
3504.6533,0.0,0.0
1.8239146,0.0,0.0
347.63596,0.0,0.0
4128.7075,0.0,0.0
1.8239146,0.0,0.0
1.8239146,0.0,0.0
1.8239146,0.0,0.0
1.8239146,0.0,0.0
1.8239146,0.0,0.0
2.976753,0.0,0.0
3108.059,0.0,0.0
1.8239146,0.0,0.0
1.8239146,0.0,0.0
1.8239146,0.0,0.0
5.2676916,0.0,0.0
386.83707,0.0,0.0
1.8239146,0.0,0.0
15230.265,0.0,0.0
106.932365,0.0,0.0
3774.8616,0.0,0.0
3852.025,0.0,0.0
522.8152,0.0,0.0
3452.6306,0.0,0.0
1169.3479,0.0,0.0
3541.7292,0.0,0.0
3718.775,0.0,0.0
2145.9,0.0,0.0
3014.0273,0.0,0.0
9342.739,0.0,0.0
2922.908,0.0,0.0
11228.1875,0.0,0.0
1.8239146,0.0,0.0
7263.0312,0.0,0.0
1.8239146,0.0,0.0
1.8239146,0.0,0.0
1.8239146,0.0,0.0
26.61041,0.0,0.0
1.8239146,0.0,0.0
1.8239146,0.0,0.0
10769.058,0.0,0.0
1.8239146,0.0,0.0
8.475899,0.0,0.0
1.8239146,0.0,0.0
1.0018318,0.0,0.0
1.0018318,0.0,0.0
2771.5823,0.0,0.0
1.0018318,0.0,0.0
1.0018318,0.0,0.0
3357.2595,0.0,0.0
1.0088735,0.0,0.0
1.0018318,0.0,0.0
1.0018318,0.0,0.0
1.0018318,0.0,0.0
16.032522,0.0,0.0
1.0018318,0.0,0.0
1.0018318,0.0,0.0
1.0018318,0.0,0.0
1.0018318,0.0,0.0
318.73215,0.0,0.0
1.0018318,0.0,0.0
3357.2595,0.0,0.0
1.0018318,0.0,0.0
1.0112069,0.0,0.0
696.532,0.0,0.0
5038.3843,0.0,0.0
22.522526,0.0,0.0
2785.9707,0.0,0.0
6129.4014,0.0,0.0
2251.5718,0.0,0.0
1132.5001,0.0,0.0
6196.4575,0.0,0.0
3357.2595,0.0,0.0
1.0018318,0.0,0.0
2739.882,0.0,0.0
3384.1877,0.0,0.0
1.0055705,0.0,0.0
346.96198,0.0,0.0
386.83707,0.0,0.0
1.8239146,0.0,0.0
4417.6235,0.0,0.0
6222.511,0.0,0.0
5562.3345,0.0,0.0
5688.833,0.0,0.0
3965.8457,0.0,0.0
2977.8745,0.0,0.0
2379.2305,0.0,0.0
6707.299,0.0,0.0
4427.7188,0.0,0.0
2774.3694,0.0,0.0
3169.6711,0.0,0.0
5372.2993,0.0,0.0
6241.0103,0.0,0.0
6377.4004,0.0,0.0
3112.3428,0.0,0.0
4564.5986,0.0,0.0
4262.255,0.0,0.0
6236.4873,0.0,0.0
3791.207,0.0,0.0
3743.095,0.0,0.0
11012.47,0.0,0.0
1.8239146,0.0,0.0
3570.1367,0.0,0.0
386.83707,0.0,0.0
386.83707,0.0,0.0
3379.337,0.0,0.0
2819.4995,0.0,0.0
1.8239146,0.0,0.0
2954.2332,0.0,0.0
1.8239146,0.0,0.0
1.8239146,0.0,0.0
386.83707,0.0,0.0
1.8239146,0.0,0.0
1.8239146,0.0,0.0
1.8239146,0.0,0.0
1.8239146,0.0,0.0
1.8239146,0.0,0.0
1.8239146,0.0,0.0
3988.634,0.0,0.0
3798.8254,0.0,0.0
3980.1106,0.0,0.0
3597.7397,0.0,0.0
4245.7324,0.0,0.0
2723.5544,0.0,0.0
2752.4438,0.0,0.0
2752.4438,0.0,0.0
75.94491,0.0,0.0
3833.4043,0.0,0.0
2749.6565,0.0,0.0
2897.9094,0.0,0.0
3358.0818,0.0,0.0
2985.6475,0.0,0.0
1.809342,0.0,0.0
2733.931,0.0,0.0
3482.0884,0.0,0.0
2764.3445,0.0,0.0
2723.5544,0.0,0.0
2690.0945,0.0,0.0
3359.7212,0.0,0.0
2758.4934,0.0,0.0
4177.019,0.0,0.0
3705.9246,0.0,0.0
3661.5903,0.0,0.0
2723.5544,0.0,0.0
1.8239146,0.0,0.0
2758.4934,0.0,0.0
2697.1555,0.0,0.0
2736.2952,0.0,0.0
2785.9707,0.0,0.0
7508.8813,0.0,0.0
8108.333,0.0,0.0
4153.8164,0.0,0.0
5121.95,0.0,0.0
11767.595,0.0,0.0
5362.28,0.0,0.0
318.73215,0.0,0.0
17.963427,0.0,0.0
782.3489,0.0,0.0
5132.256,0.0,0.0
15985.769,0.0,0.0
14997.857,0.0,0.0
20681.549,0.0,0.0
17659.21,0.0,0.0
21483.158,0.0,0.0
12796.24,0.0,0.0
20541.322,0.0,0.0
1.8239146,0.0,0.0
2830.5994,0.0,0.0
738.4239,0.0,0.0
2912.6445,0.0,0.0
4078.4636,0.0,0.0
4220.6743,0.0,0.0
4341.2383,0.0,0.0
1.8239146,0.0,0.0
1.8239146,0.0,0.0
1.0101463,0.0,0.0
1.8239146,0.0,0.0
1.8239146,0.0,0.0
1.8239146,0.0,0.0
1.8239146,0.0,0.0
1.8239146,0.0,0.0
1.8239146,0.0,0.0
1.8239146,0.0,0.0
1.8239146,0.0,0.0
81.94526,0.0,0.0
22.384926,0.0,0.0
1.8239146,0.0,0.0
1.8239146,0.0,0.0
16.847565,0.0,0.0
1.8239146,0.0,0.0
87.48261,0.0,0.0
22.384926,0.0,0.0
1.8239146,0.0,0.0
1.8239146,0.0,0.0
347.76938,0.0,0.0
1.6595397,0.0,0.0
1.8239146,0.0,0.0
1.8239146,0.0,0.0
4703.0693,0.0,0.0
81.94526,0.0,0.0
1.8239146,0.0,0.0
1.8239146,0.0,0.0
1.8239146,0.0,0.0
16.847565,0.0,0.0
1.8239146,0.0,0.0
1.8239146,0.0,0.0
81.94526,0.0,0.0
1.8239146,0.0,0.0
16.847565,0.0,0.0
1.0018318,0.0,0.0
1.0018318,0.0,0.0
1.0112069,0.0,0.0
1.0112069,0.0,0.0
1.0112069,0.0,0.0
1.0018318,0.0,0.0
1.0018318,0.0,0.0
1.0088735,0.0,0.0
21.617407,0.0,0.0
390.16104,0.0,0.0
713.9607,0.0,0.0
1.8239146,0.0,0.0
597.98224,0.0,0.0
1060.0233,0.0,0.0
1.8239146,0.0,0.0
26.61041,0.0,0.0
1.8239146,0.0,0.0
1.8239146,0.0,0.0
1.8239146,0.0,0.0
5.2968187,0.0,0.0
4580.2695,0.0,0.0
3507.1714,0.0,0.0
4517.8677,0.0,0.0
3827.5154,0.0,0.0
5155.4614,0.0,0.0
5139.8994,0.0,0.0
12480.746,0.0,0.0
5549.1377,0.0,0.0
7093.1636,0.0,0.0
2731.944,0.0,0.0
1.8239146,0.0,0.0
1.8239146,0.0,0.0
318.73215,0.0,0.0
1.8239146,0.0,0.0
2716.0957,0.0,0.0
1.8239146,0.0,0.0
434.14984,0.0,0.0
1.8239146,0.0,0.0
1.0101463,0.0,0.0
1.8239146,0.0,0.0
1.8239146,0.0,0.0
1.8791163,0.0,0.0
1.8239146,0.0,0.0
1.8239146,0.0,0.0
130.63521,0.0,0.0
1.8239146,0.0,0.0
54.077873,0.0,0.0
2750.457,0.0,0.0
45.824593,0.0,0.0
713.9607,0.0,0.0
1.8239146,0.0,0.0
5.360543,0.0,0.0
2901.6067,0.0,0.0
1178.0864,0.0,0.0
2800.6584,0.0,0.0
3221.9226,0.0,0.0
3724.8506,0.0,0.0
1.0101463,0.0,0.0
1.8239146,0.0,0.0
2920.1992,0.0,0.0
3507.2334,0.0,0.0
2847.707,0.0,0.0
2774.22,0.0,0.0
2822.584,0.0,0.0
2785.9707,0.0,0.0
4672.9688,0.0,0.0
2917.914,0.0,0.0
3645.1794,0.0,0.0
2814.1453,0.0,0.0
3616.7747,0.0,0.0
1.8239146,0.0,0.0
3584.9224,0.0,0.0
1.8239146,0.0,0.0
693.61145,0.0,0.0
3535.0852,0.0,0.0
1.8239146,0.0,0.0
1.8239146,0.0,0.0
1.8239146,0.0,0.0
1.8239146,0.0,0.0
1.8239146,0.0,0.0
2.976753,0.0,0.0
5131.159,0.0,0.0
1.8239146,0.0,0.0
1.8239146,0.0,0.0
1.8239146,0.0,0.0
1.8239146,0.0,0.0
1.8239146,0.0,0.0
1.8239146,0.0,0.0
1.0101463,0.0,0.0
22.754717,0.0,0.0
4331.983,0.0,0.0
3515.0422,0.0,0.0
383.47406,0.0,0.0
3519.9658,0.0,0.0
3575.921,0.0,0.0
3541.5596,0.0,0.0
3564.729,0.0,0.0
3481.1406,0.0,0.0
3456.9785,0.0,0.0
10579.477,0.0,0.0
3357.4978,0.0,0.0
14858.619,0.0,0.0
1.8239146,0.0,0.0
11566.042,0.0,0.0
1.8239146,0.0,0.0
1.8239146,0.0,0.0
1.8239146,0.0,0.0
1.8239146,0.0,0.0
1.0101463,0.0,0.0
1.8239146,0.0,0.0
9742.973,0.0,0.0
1.8239146,0.0,0.0
1.8239146,0.0,0.0
1.6689147,0.0,0.0
1.0018318,0.0,0.0
1.0018318,0.0,0.0
2760.157,0.0,0.0
1.0018318,0.0,0.0
1.0018318,0.0,0.0
1.0018318,0.0,0.0
1.0112069,0.0,0.0
1.0112069,0.0,0.0
1.0018318,0.0,0.0
1.0018318,0.0,0.0
1.0018318,0.0,0.0
1.0018318,0.0,0.0
1.0018318,0.0,0.0
2732.9849,0.0,0.0
1.0018318,0.0,0.0
2705.82,0.0,0.0
2718.3967,0.0,0.0
1.0018318,0.0,0.0
1.0018318,0.0,0.0
1.0018318,0.0,0.0
20.605513,0.0,0.0
5166.626,0.0,0.0
414.75214,0.0,0.0
5010.129,0.0,0.0
5602.86,0.0,0.0
6675.9297,0.0,0.0
2749.6565,0.0,0.0
4683.4937,0.0,0.0
1.0018318,0.0,0.0
1.0018318,0.0,0.0
2752.871,0.0,0.0
40.632946,0.0,0.0
1.0018318,0.0,0.0
1.0018318,0.0,0.0
1.6665814,0.0,0.0
1.8239146,0.0,0.0
3438.6553,0.0,0.0
2806.7253,0.0,0.0
4331.94,0.0,0.0
6397.143,0.0,0.0
3425.6353,0.0,0.0
3436.006,0.0,0.0
3437.0034,0.0,0.0
6632.368,0.0,0.0
61.3072,0.0,0.0
3651.748,0.0,0.0
3602.6785,0.0,0.0
3807.364,0.0,0.0
5308.6523,0.0,0.0
4528.884,0.0,0.0
3728.9453,0.0,0.0
5986.545,0.0,0.0
3956.3455,0.0,0.0
5647.7314,0.0,0.0
5900.355,0.0,0.0
1.8239146,0.0,0.0
3516.7395,0.0,0.0
1.8239146,0.0,0.0
2732.3906,0.0,0.0
1.8239146,0.0,0.0
1.8239146,0.0,0.0
3438.8293,0.0,0.0
2716.5422,0.0,0.0
1.8239146,0.0,0.0
2979.9543,0.0,0.0
1.8239146,0.0,0.0
1.8239146,0.0,0.0
1.8239146,0.0,0.0
1.0101463,0.0,0.0
1.8239146,0.0,0.0
347.84103,0.0,0.0
1.8239146,0.0,0.0
1.8239146,0.0,0.0
1.8239146,0.0,0.0
3545.9292,0.0,0.0
3738.8372,0.0,0.0
3708.7405,0.0,0.0
3500.5305,0.0,0.0
3545.9292,0.0,0.0
2707.706,0.0,0.0
2754.808,0.0,0.0
2708.6074,0.0,0.0
318.1334,0.0,0.0
2780.5535,0.0,0.0
1102.607,0.0,0.0
2785.516,0.0,0.0
2748.2034,0.0,0.0
2752.4438,0.0,0.0
2723.5544,0.0,0.0
2738.5044,0.0,0.0
3304.277,0.0,0.0
2749.6565,0.0,0.0
2979.349,0.0,0.0
2707.5554,0.0,0.0
2744.7493,0.0,0.0
1505.8915,0.0,0.0
3139.623,0.0,0.0
4889.074,0.0,0.0
6913.5083,0.0,0.0
2723.5544,0.0,0.0
2769.126,0.0,0.0
2707.5554,0.0,0.0
2736.2952,0.0,0.0
2736.2952,0.0,0.0
2785.9707,0.0,0.0
4373.776,0.0,0.0
4017.1868,0.0,0.0
4540.1997,0.0,0.0
4038.921,0.0,0.0
4498.459,0.0,0.0
4256.937,0.0,0.0
1.8239146,0.0,0.0
1.8239146,0.0,0.0
693.9036,0.0,0.0
3543.4062,0.0,0.0
7632.488,0.0,0.0
8522.984,0.0,0.0
14332.627,0.0,0.0
15580.214,0.0,0.0
18445.898,0.0,0.0
4617.929,0.0,0.0
22028.121,0.0,0.0
1.8239146,0.0,0.0
2819.4353,0.0,0.0
693.6925,0.0,0.0
1.8239146,0.0,0.0
3519.7449,0.0,0.0
2849.0037,0.0,0.0
3458.9163,0.0,0.0
1.8239146,0.0,0.0
1.8239146,0.0,0.0
1.8239146,0.0,0.0
1.8239146,0.0,0.0
1.8239146,0.0,0.0
1.8239146,0.0,0.0
1.8239146,0.0,0.0
1.8239146,0.0,0.0
1.8239146,0.0,0.0
1.8239146,0.0,0.0
1.8239146,0.0,0.0
1.8239146,0.0,0.0
1.8239146,0.0,0.0
1.6595397,0.0,0.0
1.8239146,0.0,0.0
1.8239146,0.0,0.0
1.8239146,0.0,0.0
1.8239146,0.0,0.0
1.8239146,0.0,0.0
1.8239146,0.0,0.0
1.8239146,0.0,0.0
1.8239146,0.0,0.0
1.8239146,0.0,0.0
1.8239146,0.0,0.0
1.8239146,0.0,0.0
1.8239146,0.0,0.0
1.8239146,0.0,0.0
1.8239146,0.0,0.0
1.8239146,0.0,0.0
1.8239146,0.0,0.0
1.8239146,0.0,0.0
1.8239146,0.0,0.0
2785.9707,0.0,0.0
1.6595397,0.0,0.0
1.8239146,0.0,0.0
1.8239146,0.0,0.0
1.0018318,0.0,0.0
1.0018318,0.0,0.0
1.0112069,0.0,0.0
1.0088735,0.0,0.0
1.0112069,0.0,0.0
1.0018318,0.0,0.0
1.0018318,0.0,0.0
1.0088735,0.0,0.0
1.8239146,0.0,0.0
21.617407,0.0,0.0
713.9607,0.0,0.0
1.8239146,0.0,0.0
1.8239146,0.0,0.0
1060.0233,0.0,0.0
3461.0005,0.0,0.0
26.61041,0.0,0.0
1.8239146,0.0,0.0
1.8239146,0.0,0.0
1.8239146,0.0,0.0
5.3116455,0.0,0.0
4037.3503,0.0,0.0
3825.0098,0.0,0.0
4280.0967,0.0,0.0
4119.393,0.0,0.0
3852.8384,0.0,0.0
8683.532,0.0,0.0
8712.382,0.0,0.0
3835.6152,0.0,0.0
5891.2993,0.0,0.0
2743.8525,0.0,0.0
1.8239146,0.0,0.0
1.8239146,0.0,0.0
1.8239146,0.0,0.0
1.8239146,0.0,0.0
1214.727,0.0,0.0
1.8239146,0.0,0.0
318.73215,0.0,0.0
1.0101463,0.0,0.0
1.8239146,0.0,0.0
1.8239146,0.0,0.0
1.8239146,0.0,0.0
347.63596,0.0,0.0
1.8239146,0.0,0.0
1.8239146,0.0,0.0
909.5161,0.0,0.0
1.8239146,0.0,0.0
149.55002,0.0,0.0
3379.7832,0.0,0.0
45.82457,0.0,0.0
347.63596,0.0,0.0
1.8239146,0.0,0.0
5.360543,0.0,0.0
3708.7405,0.0,0.0
2476.766,0.0,0.0
3705.4822,0.0,0.0
1.8239146,0.0,0.0
374.51154,0.0,0.0
3642.8994,0.0,0.0
1.8239146,0.0,0.0
1.6665814,0.0,0.0
1.8239146,0.0,0.0
1.8239146,0.0,0.0
1.8239146,0.0,0.0
2.976753,0.0,0.0
1.8239146,0.0,0.0
1.8239146,0.0,0.0
1.6595397,0.0,0.0
1.8239146,0.0,0.0
5.2676916,0.0,0.0
1.8239146,0.0,0.0
5.2968187,0.0,0.0
2427.3218,0.0,0.0
116.942314,0.0,0.0
4059.0771,0.0,0.0
3222.8936,0.0,0.0
100.178734,0.0,0.0
3160.861,0.0,0.0
3575.921,0.0,0.0
2807.1558,0.0,0.0
3218.771,0.0,0.0
1459.7809,0.0,0.0
3677.5718,0.0,0.0
7152.406,0.0,0.0
3260.3389,0.0,0.0
13049.908,0.0,0.0
1.0101463,0.0,0.0
5244.512,0.0,0.0
1.8239146,0.0,0.0
1.8239146,0.0,0.0
1.8239146,0.0,0.0
1.8239146,0.0,0.0
1.8239146,0.0,0.0
1.8239146,0.0,0.0
8522.514,0.0,0.0
1.6689147,0.0,0.0
1.6689147,0.0,0.0
1.8239146,0.0,0.0
1.8239146,0.0,0.0
1.8239146,0.0,0.0
2733.931,0.0,0.0
1.8239146,0.0,0.0
1.8239146,0.0,0.0
1.8239146,0.0,0.0
1.8239146,0.0,0.0
1.0101463,0.0,0.0
1.8239146,0.0,0.0
1.0101463,0.0,0.0
1.8239146,0.0,0.0
1.8239146,0.0,0.0
1.8239146,0.0,0.0
1.8239146,0.0,0.0
1.8239146,0.0,0.0
2705.82,0.0,0.0
1.8239146,0.0,0.0
1.0101463,0.0,0.0
1.6595397,0.0,0.0
1.8239146,0.0,0.0
42.545456,0.0,0.0
3420.8281,0.0,0.0
19.276987,0.0,0.0
2785.9707,0.0,0.0
3865.104,0.0,0.0
3549.5073,0.0,0.0
2749.6565,0.0,0.0
1.8239146,0.0,0.0
1.8239146,0.0,0.0
1.8239146,0.0,0.0
2697.1555,0.0,0.0
30.52413,0.0,0.0
30.52413,0.0,0.0
347.63596,0.0,0.0
19.276987,0.0,0.0
1.8239146,0.0,0.0
2792.4292,0.0,0.0
2767.7322,0.0,0.0
2796.3196,0.0,0.0
3866.3972,0.0,0.0
63.41899,0.0,0.0
2740.702,0.0,0.0
3761.4014,0.0,0.0
5185.959,0.0,0.0
932.8445,0.0,0.0
2777.8606,0.0,0.0
2755.8564,0.0,0.0
4542.5547,0.0,0.0
4534.7275,0.0,0.0
3271.7,0.0,0.0
2735.916,0.0,0.0
2755.9358,0.0,0.0
3047.5422,0.0,0.0
3277.2715,0.0,0.0
2771.878,0.0,0.0
3358.0818,0.0,0.0
3653.9595,0.0,0.0
1.8239146,0.0,0.0
2748.8184,0.0,0.0
1.8239146,0.0,0.0
1.8239146,0.0,0.0
4077.178,0.0,0.0
3988.767,0.0,0.0
1.8239146,0.0,0.0
3148.1414,0.0,0.0
1.8239146,0.0,0.0
386.83707,0.0,0.0
1.6595397,0.0,0.0
1.8239146,0.0,0.0
1.8239146,0.0,0.0
347.84103,0.0,0.0
1.809342,0.0,0.0
1.8239146,0.0,0.0
1.8239146,0.0,0.0
3797.369,0.0,0.0
3797.4014,0.0,0.0
3761.3936,0.0,0.0
3813.2385,0.0,0.0
3644.392,0.0,0.0
2707.706,0.0,0.0
2752.4438,0.0,0.0
2819.558,0.0,0.0
23.957655,0.0,0.0
2752.1704,0.0,0.0
2749.6565,0.0,0.0
3757.8252,0.0,0.0
1.0101463,0.0,0.0
2752.4438,0.0,0.0
2774.4927,0.0,0.0
2733.931,0.0,0.0
3720.7566,0.0,0.0
2764.3445,0.0,0.0
2777.0923,0.0,0.0
2707.5554,0.0,0.0
1.8239146,0.0,0.0
2707.5554,0.0,0.0
3311.8733,0.0,0.0
347.84103,0.0,0.0
5348.1377,0.0,0.0
2915.644,0.0,0.0
434.14984,0.0,0.0
2707.5554,0.0,0.0
2707.5554,0.0,0.0
2733.808,0.0,0.0
2785.9707,0.0,0.0
3785.7107,0.0,0.0
6588.4976,0.0,0.0
4238.105,0.0,0.0
5953.679,0.0,0.0
7364.808,0.0,0.0
4128.975,0.0,0.0
1.6665814,0.0,0.0
19.276987,0.0,0.0
379.26788,0.0,0.0
4264.902,0.0,0.0
15149.092,0.0,0.0
10348.62,0.0,0.0
20229.967,0.0,0.0
15814.309,0.0,0.0
20576.275,0.0,0.0
11790.843,0.0,0.0
11040.608,0.0,0.0
1.8239146,0.0,0.0
3495.6912,0.0,0.0
374.71674,0.0,0.0
2933.773,0.0,0.0
1800.8832,0.0,0.0
4013.3154,0.0,0.0
4145.369,0.0,0.0
1.8239146,0.0,0.0
1.8239146,0.0,0.0
1.8239146,0.0,0.0
1.8239146,0.0,0.0
1.8239146,0.0,0.0
1.8239146,0.0,0.0
1.8239146,0.0,0.0
1.8239146,0.0,0.0
1.8239146,0.0,0.0
1.8239146,0.0,0.0
1.8239146,0.0,0.0
1.8239146,0.0,0.0
1.8239146,0.0,0.0
1.8239146,0.0,0.0
1.8239146,0.0,0.0
1.8239146,0.0,0.0
1.8239146,0.0,0.0
1.8239146,0.0,0.0
1.8239146,0.0,0.0
1.8239146,0.0,0.0
1.8239146,0.0,0.0
1.8239146,0.0,0.0
1.8239146,0.0,0.0
1.8239146,0.0,0.0
1.8239146,0.0,0.0
1.6595397,0.0,0.0
1.8239146,0.0,0.0
1.8239146,0.0,0.0
1.8239146,0.0,0.0
1.8239146,0.0,0.0
1.8239146,0.0,0.0
1.8239146,0.0,0.0
1.8239146,0.0,0.0
1.8239146,0.0,0.0
1.8239146,0.0,0.0
1.8239146,0.0,0.0
1.0176735,0.0,0.0
1.0018318,0.0,0.0
1.0088735,0.0,0.0
1.0088735,0.0,0.0
1.0112069,0.0,0.0
1.0018318,0.0,0.0
1.0018318,0.0,0.0
1.0018318,0.0,0.0
1.8239146,0.0,0.0
1.8239146,0.0,0.0
2770.0315,0.0,0.0
1.8239146,0.0,0.0
1.8239146,0.0,0.0
3116.094,0.0,0.0
3686.35,0.0,0.0
21.617407,0.0,0.0
1.8239146,0.0,0.0
1.8239146,0.0,0.0
1.8239146,0.0,0.0
5.354764,0.0,0.0
3867.4207,0.0,0.0
3849.0725,0.0,0.0
3732.5352,0.0,0.0
4295.627,0.0,0.0
4499.184,0.0,0.0
13655.128,0.0,0.0
16202.458,0.0,0.0
4959.2793,0.0,0.0
8442.551,0.0,0.0
2731.944,0.0,0.0
1.8239146,0.0,0.0
1.6665814,0.0,0.0
318.73215,0.0,0.0
1.8239146,0.0,0.0
2936.0603,0.0,0.0
1.0101463,0.0,0.0
1.8239146,0.0,0.0
1.8239146,0.0,0.0
1.6595397,0.0,0.0
1.8239146,0.0,0.0
1.0101463,0.0,0.0
403.6944,0.0,0.0
1.8239146,0.0,0.0
1.8239146,0.0,0.0
391.832,0.0,0.0
1.8239146,0.0,0.0
19.770756,0.0,0.0
3140.1602,0.0,0.0
1.0101463,0.0,0.0
693.0268,0.0,0.0
1.8239146,0.0,0.0
1.8239146,0.0,0.0
2918.2854,0.0,0.0
1.8239146,0.0,0.0
2868.0981,0.0,0.0
1.8239146,0.0,0.0
1.8239146,0.0,0.0
2895.601,0.0,0.0
1.8239146,0.0,0.0
1.8239146,0.0,0.0
1.8239146,0.0,0.0
1.8239146,0.0,0.0
1.8239146,0.0,0.0
1.8239146,0.0,0.0
1.8239146,0.0,0.0
1.0088735,0.0,0.0
1.8239146,0.0,0.0
1.8239146,0.0,0.0
1.8239146,0.0,0.0
1.8239146,0.0,0.0
5.2968187,0.0,0.0
5.2676916,0.0,0.0
136.18724,0.0,0.0
8302.563,0.0,0.0
2821.187,0.0,0.0
136.91966,0.0,0.0
3432.788,0.0,0.0
3047.9211,0.0,0.0
4844.491,0.0,0.0
4605.2505,0.0,0.0
4199.512,0.0,0.0
3103.4426,0.0,0.0
11882.724,0.0,0.0
3442.0083,0.0,0.0
16739.143,0.0,0.0
1.8239146,0.0,0.0
4490.503,0.0,0.0
1.8239146,0.0,0.0
1.8239146,0.0,0.0
1.8239146,0.0,0.0
1.8239146,0.0,0.0
1.8239146,0.0,0.0
1.8239146,0.0,0.0
1.8239146,0.0,0.0
1.8239146,0.0,0.0
1.8239146,0.0,0.0
1.8239146,0.0,0.0
1.6595397,0.0,0.0
1.8239146,0.0,0.0
2739.882,0.0,0.0
1.8239146,0.0,0.0
1.8239146,0.0,0.0
1.8239146,0.0,0.0
1.8239146,0.0,0.0
1.8239146,0.0,0.0
1.8239146,0.0,0.0
1.6595397,0.0,0.0
1.8239146,0.0,0.0
1.8239146,0.0,0.0
1.8239146,0.0,0.0
1.6665814,0.0,0.0
1.8239146,0.0,0.0
1.8239146,0.0,0.0
1.8239146,0.0,0.0
1.8239146,0.0,0.0
1.8239146,0.0,0.0
1.8239146,0.0,0.0
5376.969,0.0,0.0
2752.4438,0.0,0.0
17.963427,0.0,0.0
2785.9707,0.0,0.0
2769.155,0.0,0.0
5574.216,0.0,0.0
2749.6565,0.0,0.0
1.8239146,0.0,0.0
1.8239146,0.0,0.0
1.0101463,0.0,0.0
2703.1067,0.0,0.0
1.6595397,0.0,0.0
1.8239146,0.0,0.0
1.6753814,0.0,0.0
19.276987,0.0,0.0
1.8239146,0.0,0.0
3470.1978,0.0,0.0
2830.1606,0.0,0.0
3300.8267,0.0,0.0
4846.0703,0.0,0.0
741.8455,0.0,0.0
2765.1394,0.0,0.0
1660.6166,0.0,0.0
4675.8423,0.0,0.0
71.88021,0.0,0.0
2804.028,0.0,0.0
2784.4438,0.0,0.0
2976.0493,0.0,0.0
5150.473,0.0,0.0
4949.747,0.0,0.0
2789.5642,0.0,0.0
2761.887,0.0,0.0
4908.871,0.0,0.0
5853.897,0.0,0.0
2787.2324,0.0,0.0
1.8239146,0.0,0.0
3585.5051,0.0,0.0
1.8239146,0.0,0.0
2917.6182,0.0,0.0
1.8239146,0.0,0.0
1.8239146,0.0,0.0
3563.4485,0.0,0.0
2716.0957,0.0,0.0
1.8239146,0.0,0.0
3182.835,0.0,0.0
1.8239146,0.0,0.0
1.8239146,0.0,0.0
1.8239146,0.0,0.0
1.8239146,0.0,0.0
1.0101463,0.0,0.0
1.0101463,0.0,0.0
1.8239146,0.0,0.0
1.8239146,0.0,0.0
1.8239146,0.0,0.0
3593.7424,0.0,0.0
2959.611,0.0,0.0
2925.7341,0.0,0.0
2891.9966,0.0,0.0
1.8239146,0.0,0.0
2707.706,0.0,0.0
2754.808,0.0,0.0
2752.4438,0.0,0.0
274.49353,0.0,0.0
2754.808,0.0,0.0
2749.6565,0.0,0.0
2915.644,0.0,0.0
2821.9224,0.0,0.0
2785.9707,0.0,0.0
2735.463,0.0,0.0
2736.2952,0.0,0.0
2735.6047,0.0,0.0
2764.3445,0.0,0.0
2921.7178,0.0,0.0
2707.5554,0.0,0.0
1.0101463,0.0,0.0
2707.5554,0.0,0.0
3098.4844,0.0,0.0
434.14984,0.0,0.0
2984.1653,0.0,0.0
2723.5544,0.0,0.0
1.8239146,0.0,0.0
2707.5554,0.0,0.0
2736.2952,0.0,0.0
2736.2952,0.0,0.0
2768.1694,0.0,0.0
6702.603,0.0,0.0
5597.7837,0.0,0.0
3442.1914,0.0,0.0
4575.6665,0.0,0.0
3805.5159,0.0,0.0
4667.1953,0.0,0.0
318.73215,0.0,0.0
1.8239146,0.0,0.0
351.2605,0.0,0.0
7784.468,0.0,0.0
6823.569,0.0,0.0
12032.541,0.0,0.0
19043.906,0.0,0.0
5905.709,0.0,0.0
20818.137,0.0,0.0
9648.071,0.0,0.0
11030.086,0.0,0.0
1.8239146,0.0,0.0
3655.9236,0.0,0.0
1.8239146,0.0,0.0
2854.9583,0.0,0.0
2828.1855,0.0,0.0
2833.798,0.0,0.0
2849.1123,0.0,0.0
1.8239146,0.0,0.0
1.8239146,0.0,0.0
1.6595397,0.0,0.0
1.8239146,0.0,0.0
1.8239146,0.0,0.0
1.8239146,0.0,0.0
1.6595397,0.0,0.0
1.8239146,0.0,0.0
1.8239146,0.0,0.0
1.8239146,0.0,0.0
1.8239146,0.0,0.0
1.8239146,0.0,0.0
1.8239146,0.0,0.0
1.8239146,0.0,0.0
1.8239146,0.0,0.0
1.8239146,0.0,0.0
1.8239146,0.0,0.0
1.8239146,0.0,0.0
2831.4338,0.0,0.0
1.8239146,0.0,0.0
1.8239146,0.0,0.0
1.8239146,0.0,0.0
1.8239146,0.0,0.0
1.8239146,0.0,0.0
1.8239146,0.0,0.0
1.8239146,0.0,0.0
1.8239146,0.0,0.0
1.8239146,0.0,0.0
318.73215,0.0,0.0
1.8239146,0.0,0.0
1.8239146,0.0,0.0
1.8239146,0.0,0.0
1.8239146,0.0,0.0
1.8239146,0.0,0.0
1.8239146,0.0,0.0
1.8239146,0.0,0.0
1.8239146,0.0,0.0
1.8239146,0.0,0.0
1.8239146,0.0,0.0
1.8239146,0.0,0.0
1.8239146,0.0,0.0
1.8239146,0.0,0.0
1.8239146,0.0,0.0
1.8239146,0.0,0.0
1.8239146,0.0,0.0
1.8239146,0.0,0.0
1.8239146,0.0,0.0
1.8239146,0.0,0.0
1.8239146,0.0,0.0
26.61041,0.0,0.0
1.8239146,0.0,0.0
26.61041,0.0,0.0
1.8239146,0.0,0.0
1.8239146,0.0,0.0
1.8239146,0.0,0.0
5.354764,0.0,0.0
3714.177,0.0,0.0
2796.7527,0.0,0.0
7163.501,0.0,0.0
4472.3843,0.0,0.0
4709.5215,0.0,0.0
2933.053,0.0,0.0
12825.06,0.0,0.0
7037.794,0.0,0.0
3901.514,0.0,0.0
3459.4536,0.0,0.0
1.8239146,0.0,0.0
1.8239146,0.0,0.0
1.8239146,0.0,0.0
1.8239146,0.0,0.0
2731.944,0.0,0.0
1.8239146,0.0,0.0
1.8239146,0.0,0.0
1.8239146,0.0,0.0
16.68319,0.0,0.0
1.6595397,0.0,0.0
1.8239146,0.0,0.0
153.0252,0.0,0.0
4.6925225,0.0,0.0
1.8239146,0.0,0.0
35.968056,0.0,0.0
1.8239146,0.0,0.0
1.6900473,0.0,0.0
3176.689,0.0,0.0
1.8239146,0.0,0.0
347.63596,0.0,0.0
1.8239146,0.0,0.0
1.6595397,0.0,0.0
3661.219,0.0,0.0
3256.9253,0.0,0.0
2828.3672,0.0,0.0
6630.1235,0.0,0.0
6265.307,0.0,0.0
1.8239146,0.0,0.0
1.8239146,0.0,0.0
5021.537,0.0,0.0
3306.1316,0.0,0.0
3090.0525,0.0,0.0
6566.714,0.0,0.0
2916.4966,0.0,0.0
2809.0183,0.0,0.0
5152.484,0.0,0.0
3017.9275,0.0,0.0
2905.597,0.0,0.0
2809.0183,0.0,0.0
2917.9294,0.0,0.0
1.8239146,0.0,0.0
2969.6057,0.0,0.0
1.8239146,0.0,0.0
346.97028,0.0,0.0
2986.6948,0.0,0.0
1.8239146,0.0,0.0
1.8239146,0.0,0.0
1.8239146,0.0,0.0
1.8239146,0.0,0.0
1.6689147,0.0,0.0
2.976753,0.0,0.0
1.8239146,0.0,0.0
1.8239146,0.0,0.0
1.8239146,0.0,0.0
1.8239146,0.0,0.0
5.2676916,0.0,0.0
1.8239146,0.0,0.0
5.2968187,0.0,0.0
5.2676916,0.0,0.0
881.34045,0.0,0.0
8546.098,0.0,0.0
2930.918,0.0,0.0
663.56134,0.0,0.0
3478.8752,0.0,0.0
3540.8162,0.0,0.0
3634.1426,0.0,0.0
3789.4304,0.0,0.0
4902.642,0.0,0.0
2963.4084,0.0,0.0
7524.277,0.0,0.0
2740.8682,0.0,0.0
14205.28,0.0,0.0
1.8239146,0.0,0.0
3658.133,0.0,0.0
1.8239146,0.0,0.0
1.8239146,0.0,0.0
1.8239146,0.0,0.0
1.8239146,0.0,0.0
1.8239146,0.0,0.0
1.8239146,0.0,0.0
1.8239146,0.0,0.0
1.8239146,0.0,0.0
1.0101463,0.0,0.0
1.8239146,0.0,0.0
1.6595397,0.0,0.0
1.8239146,0.0,0.0
2775.9187,0.0,0.0
1.8239146,0.0,0.0
1.8239146,0.0,0.0
1.8239146,0.0,0.0
1.8239146,0.0,0.0
1.8239146,0.0,0.0
1.8239146,0.0,0.0
1.8239146,0.0,0.0
1.8239146,0.0,0.0
1.8239146,0.0,0.0
1.8239146,0.0,0.0
1.8239146,0.0,0.0
1.8239146,0.0,0.0
1.8239146,0.0,0.0
3016.4446,0.0,0.0
1.8239146,0.0,0.0
1.8239146,0.0,0.0
1.8239146,0.0,0.0
3591.9917,0.0,0.0
2775.4915,0.0,0.0
1.8239146,0.0,0.0
2785.9707,0.0,0.0
2792.3655,0.0,0.0
3595.6245,0.0,0.0
2890.9753,0.0,0.0
1.8239146,0.0,0.0
1.8239146,0.0,0.0
1.8239146,0.0,0.0
3021.4268,0.0,0.0
1.8239146,0.0,0.0
2801.03,0.0,0.0
1.8239146,0.0,0.0
1.8239146,0.0,0.0
1.8239146,0.0,0.0
1925.1145,0.0,0.0
2797.417,0.0,0.0
4659.8325,0.0,0.0
4240.6895,0.0,0.0
401.33813,0.0,0.0
2876.5396,0.0,0.0
2894.9438,0.0,0.0
3486.5562,0.0,0.0
44.982517,0.0,0.0
2776.1062,0.0,0.0
2775.4915,0.0,0.0
3539.1787,0.0,0.0
2776.4712,0.0,0.0
3476.5078,0.0,0.0
2728.8677,0.0,0.0
2696.0454,0.0,0.0
2833.7056,0.0,0.0
3589.2607,0.0,0.0
3143.219,0.0,0.0
1.8239146,0.0,0.0
3549.3755,0.0,0.0
1.8239146,0.0,0.0
2810.7266,0.0,0.0
1.8239146,0.0,0.0
1.8239146,0.0,0.0
2775.9187,0.0,0.0
2739.1433,0.0,0.0
1.0101463,0.0,0.0
3148.1414,0.0,0.0
1.8239146,0.0,0.0
1.8239146,0.0,0.0
1.8239146,0.0,0.0
1.8239146,0.0,0.0
1.8239146,0.0,0.0
1.8239146,0.0,0.0
1.8239146,0.0,0.0
1.8239146,0.0,0.0
1.8239146,0.0,0.0
1.8239146,0.0,0.0
2872.259,0.0,0.0
3014.0955,0.0,0.0
3551.7964,0.0,0.0
1.8239146,0.0,0.0
2832.4407,0.0,0.0
2767.009,0.0,0.0
2870.8176,0.0,0.0
17333.625,0.0,0.0
2766.8582,0.0,0.0
2775.342,0.0,0.0
3075.8418,0.0,0.0
2856.8457,0.0,0.0
2819.9138,0.0,0.0
2723.5544,0.0,0.0
2713.142,0.0,0.0
3087.7244,0.0,0.0
2764.3445,0.0,0.0
3011.486,0.0,0.0
2730.603,0.0,0.0
48.50615,0.0,0.0
2707.5554,0.0,0.0
3461.5237,0.0,0.0
347.84103,0.0,0.0
3226.8977,0.0,0.0
3198.3948,0.0,0.0
1.8239146,0.0,0.0
2720.6108,0.0,0.0
2759.3428,0.0,0.0
2736.446,0.0,0.0
3181.9963,0.0,0.0
7335.6167,0.0,0.0
4520.9937,0.0,0.0
3646.6543,0.0,0.0
3919.9548,0.0,0.0
3525.654,0.0,0.0
4499.9614,0.0,0.0
1.8239146,0.0,0.0
19.276987,0.0,0.0
1039.7551,0.0,0.0
4367.2056,0.0,0.0
15851.915,0.0,0.0
8251.427,0.0,0.0
16230.244,0.0,0.0
11109.181,0.0,0.0
5314.963,0.0,0.0
12929.7,0.0,0.0
16390.156,0.0,0.0
1.0018318,0.0,0.0
1.8239146,0.0,0.0
374.76245,0.0,0.0
2854.9583,0.0,0.0
2867.63,0.0,0.0
2861.7964,0.0,0.0
2869.646,0.0,0.0
1.8239146,0.0,0.0
1.8239146,0.0,0.0
1.8239146,0.0,0.0
1.8239146,0.0,0.0
1.8239146,0.0,0.0
1.8239146,0.0,0.0
1.0101463,0.0,0.0
1.8239146,0.0,0.0
1.8239146,0.0,0.0
1.8239146,0.0,0.0
1.8239146,0.0,0.0
1.8239146,0.0,0.0
1.8239146,0.0,0.0
1256.4951,0.0,0.0
1.8239146,0.0,0.0
1.8239146,0.0,0.0
1.8239146,0.0,0.0
1.8239146,0.0,0.0
1.8239146,0.0,0.0
1.8239146,0.0,0.0
1.8239146,0.0,0.0
1.8239146,0.0,0.0
1.8239146,0.0,0.0
49.319912,0.0,0.0
1.8239146,0.0,0.0
1.8239146,0.0,0.0
1.8239146,0.0,0.0
1.8239146,0.0,0.0
1.8239146,0.0,0.0
1.8239146,0.0,0.0
1.8239146,0.0,0.0
1.8239146,0.0,0.0
1.6595397,0.0,0.0
1.8239146,0.0,0.0
1.8239146,0.0,0.0
1.8239146,0.0,0.0
1.8239146,0.0,0.0
1.8239146,0.0,0.0
1.8239146,0.0,0.0
1.8239146,0.0,0.0
1.8239146,0.0,0.0
1.6595397,0.0,0.0
1.8239146,0.0,0.0
1.8239146,0.0,0.0
1.8239146,0.0,0.0
1.8239146,0.0,0.0
713.9607,0.0,0.0
1.8239146,0.0,0.0
1.8239146,0.0,0.0
26.61041,0.0,0.0
1.8239146,0.0,0.0
26.61041,0.0,0.0
1.0101463,0.0,0.0
1.8239146,0.0,0.0
1.8239146,0.0,0.0
5.354764,0.0,0.0
3398.4084,0.0,0.0
3561.0452,0.0,0.0
7507.51,0.0,0.0
4166.409,0.0,0.0
4502.542,0.0,0.0
14931.065,0.0,0.0
12427.415,0.0,0.0
8394.951,0.0,0.0
5884.9785,0.0,0.0
3406.5732,0.0,0.0
1.8239146,0.0,0.0
1.8239146,0.0,0.0
1.8239146,0.0,0.0
1.8239146,0.0,0.0
2716.0957,0.0,0.0
1.8239146,0.0,0.0
434.14984,0.0,0.0
1.8239146,0.0,0.0
1.6595397,0.0,0.0
1.8239146,0.0,0.0
1.8239146,0.0,0.0
2916.7153,0.0,0.0
1.8239146,0.0,0.0
1.8239146,0.0,0.0
131.54256,0.0,0.0
1.8239146,0.0,0.0
54.077873,0.0,0.0
347.63596,0.0,0.0
1.0101463,0.0,0.0
693.6925,0.0,0.0
1.8239146,0.0,0.0
1.8239146,0.0,0.0
3556.8508,0.0,0.0
2939.914,0.0,0.0
2828.3672,0.0,0.0
3519.0996,0.0,0.0
4774.724,0.0,0.0
1.8239146,0.0,0.0
1.8239146,0.0,0.0
4741.47,0.0,0.0
3627.1091,0.0,0.0
3100.6902,0.0,0.0
3131.1401,0.0,0.0
2811.9788,0.0,0.0
2797.291,0.0,0.0
5560.091,0.0,0.0
4390.6064,0.0,0.0
3548.3806,0.0,0.0
3600.4724,0.0,0.0
2881.6719,0.0,0.0
3519.2156,0.0,0.0
2880.1482,0.0,0.0
1.6595397,0.0,0.0
374.51154,0.0,0.0
3539.2063,0.0,0.0
1.8239146,0.0,0.0
1.0101463,0.0,0.0
1.6665814,0.0,0.0
1.8239146,0.0,0.0
1.8239146,0.0,0.0
2.976753,0.0,0.0
1.8239146,0.0,0.0
1.8239146,0.0,0.0
1.8239146,0.0,0.0
1.8239146,0.0,0.0
61.914738,0.0,0.0
1.8239146,0.0,0.0
5.2968187,0.0,0.0
5.2676916,0.0,0.0
42.545456,0.0,0.0
4229.3247,0.0,0.0
3519.1143,0.0,0.0
97.87739,0.0,0.0
3580.5117,0.0,0.0
4733.39,0.0,0.0
3775.5356,0.0,0.0
3541.304,0.0,0.0
3967.0786,0.0,0.0
2834.176,0.0,0.0
4524.905,0.0,0.0
3100.8965,0.0,0.0
13428.939,0.0,0.0
1.7910591,0.0,0.0
3630.325,0.0,0.0
1.8239146,0.0,0.0
1.8239146,0.0,0.0
1.8239146,0.0,0.0
1.0101463,0.0,0.0
1.8239146,0.0,0.0
1.8239146,0.0,0.0
9908.874,0.0,0.0
1.8239146,0.0,0.0
1.8239146,0.0,0.0
1.8239146,0.0,0.0
1.8239146,0.0,0.0
1.8239146,0.0,0.0
2771.384,0.0,0.0
1.8239146,0.0,0.0
1.8239146,0.0,0.0
1.8239146,0.0,0.0
1.8239146,0.0,0.0
1.8239146,0.0,0.0
1.8239146,0.0,0.0
1.8239146,0.0,0.0
1.8239146,0.0,0.0
1.8239146,0.0,0.0
1.8239146,0.0,0.0
1.8239146,0.0,0.0
1.8239146,0.0,0.0
1.8239146,0.0,0.0
50.157246,0.0,0.0
1.6753814,0.0,0.0
1.0101463,0.0,0.0
1.8239146,0.0,0.0
17.963427,0.0,0.0
2860.028,0.0,0.0
63.137722,0.0,0.0
55.6946,0.0,0.0
2781.4426,0.0,0.0
3094.9163,0.0,0.0
2790.5054,0.0,0.0
1.8239146,0.0,0.0
1.8239146,0.0,0.0
1.6595397,0.0,0.0
1.8239146,0.0,0.0
115.25495,0.0,0.0
51.0716,0.0,0.0
1.8239146,0.0,0.0
1.8239146,0.0,0.0
1.8239146,0.0,0.0
3452.3018,0.0,0.0
2815.244,0.0,0.0
3638.2422,0.0,0.0
2967.5806,0.0,0.0
741.8455,0.0,0.0
2782.2625,0.0,0.0
2818.696,0.0,0.0
3148.7207,0.0,0.0
62.025257,0.0,0.0
2796.1565,0.0,0.0
2726.1543,0.0,0.0
3689.7764,0.0,0.0
5296.463,0.0,0.0
3458.19,0.0,0.0
2927.2324,0.0,0.0
2964.3398,0.0,0.0
3940.78,0.0,0.0
3492.5835,0.0,0.0
4998.5293,0.0,0.0
1.8239146,0.0,0.0
3672.6772,0.0,0.0
1.8239146,0.0,0.0
2762.2778,0.0,0.0
1.8239146,0.0,0.0
1.8239146,0.0,0.0
2705.579,0.0,0.0
2716.0957,0.0,0.0
1.8239146,0.0,0.0
3248.2322,0.0,0.0
1.8239146,0.0,0.0
1.8239146,0.0,0.0
1.0101463,0.0,0.0
1.8239146,0.0,0.0
1.8239146,0.0,0.0
347.63596,0.0,0.0
1.8239146,0.0,0.0
1.0101463,0.0,0.0
1.8239146,0.0,0.0
1.8239146,0.0,0.0
347.63596,0.0,0.0
3567.6448,0.0,0.0
3523.057,0.0,0.0
3634.3572,0.0,0.0
2746.602,0.0,0.0
2786.7158,0.0,0.0
2775.4915,0.0,0.0
46.59373,0.0,0.0
2754.808,0.0,0.0
2775.342,0.0,0.0
3630.26,0.0,0.0
2837.4917,0.0,0.0
2877.4058,0.0,0.0
2723.5544,0.0,0.0
2770.2156,0.0,0.0
2782.8574,0.0,0.0
2773.2285,0.0,0.0
295.43063,0.0,0.0
2736.8274,0.0,0.0
50.157246,0.0,0.0
2707.5554,0.0,0.0
3601.8928,0.0,0.0
395.96924,0.0,0.0
3973.882,0.0,0.0
2938.6917,0.0,0.0
115.25495,0.0,0.0
2707.5554,0.0,0.0
1159.0312,0.0,0.0
2736.2952,0.0,0.0
2797.291,0.0,0.0
9034.725,0.0,0.0
3891.0835,0.0,0.0
3646.3633,0.0,0.0
6953.076,0.0,0.0
4680.764,0.0,0.0
4404.8184,0.0,0.0
1.8239146,0.0,0.0
19.276987,0.0,0.0
6939.008,0.0,0.0
20518.162,0.0,0.0
12063.867,0.0,0.0
15211.476,0.0,0.0
14679.235,0.0,0.0
16439.236,0.0,0.0
23485.646,0.0,0.0
23234.924,0.0,0.0
1.0018318,0.0,0.0
524.5488,0.0,0.0
1.8239146,0.0,0.0
2877.942,0.0,0.0
3519.7449,0.0,0.0
2934.6042,0.0,0.0
2881.343,0.0,0.0
1.8239146,0.0,0.0
1.8239146,0.0,0.0
1.8239146,0.0,0.0
1.8239146,0.0,0.0
1.8239146,0.0,0.0
1.8239146,0.0,0.0
1.8239146,0.0,0.0
1.8239146,0.0,0.0
1.8239146,0.0,0.0
1.8239146,0.0,0.0
1.8239146,0.0,0.0
1.8239146,0.0,0.0
1.8239146,0.0,0.0
1.8239146,0.0,0.0
1.8239146,0.0,0.0
1.8239146,0.0,0.0
1.8239146,0.0,0.0
1.8239146,0.0,0.0
1.8239146,0.0,0.0
1.8239146,0.0,0.0
1.8239146,0.0,0.0
1.8239146,0.0,0.0
1.8239146,0.0,0.0
1.8239146,0.0,0.0
1.8239146,0.0,0.0
1.8239146,0.0,0.0
1.6595397,0.0,0.0
1.8239146,0.0,0.0
1.8239146,0.0,0.0
1.8239146,0.0,0.0
1.8239146,0.0,0.0
1.8239146,0.0,0.0
1.8239146,0.0,0.0
1.8239146,0.0,0.0
1.8239146,0.0,0.0
1.8239146,0.0,0.0
1.8239146,0.0,0.0
1.8239146,0.0,0.0
1.8239146,0.0,0.0
1.8239146,0.0,0.0
1.8239146,0.0,0.0
1.8239146,0.0,0.0
1.8239146,0.0,0.0
1.8239146,0.0,0.0
1.8239146,0.0,0.0
1.8239146,0.0,0.0
2790.3,0.0,0.0
1.8239146,0.0,0.0
1.8239146,0.0,0.0
3136.3625,0.0,0.0
1.8239146,0.0,0.0
43.410686,0.0,0.0
1.8239146,0.0,0.0
1.8239146,0.0,0.0
1.8239146,0.0,0.0
5.354764,0.0,0.0
